country,index,n,minutes,seconds,index_as_time,index_outlier_flag,n_outlier_flag,minutes_outlier_flag,seconds_outlier_flag
Australia,10.075824344431634,171,10,4,10:04,FALSE,TRUE,FALSE,FALSE
Italy,11.866254474454932,15,11,51,11:51,FALSE,FALSE,FALSE,FALSE
New Zealand,12.748509668976885,35,12,44,12:44,FALSE,FALSE,FALSE,FALSE
Switzerland,14.400591643042029,18,14,24,14:24,FALSE,FALSE,FALSE,FALSE
Netherlands,14.864245992803408,73,14,51,14:51,FALSE,TRUE,FALSE,FALSE
Puerto Rico,14.884318766066835,1,14,53,14:53,FALSE,FALSE,FALSE,FALSE
Slovenia,14.949664429530202,4,14,56,14:56,FALSE,FALSE,FALSE,FALSE
Germany,14.975336532677408,167,14,58,14:58,FALSE,TRUE,FALSE,FALSE
Norway,15.487412664966175,22,15,29,15:29,FALSE,FALSE,FALSE,FALSE
Belgium,15.76546723324627,19,15,45,15:45,FALSE,FALSE,FALSE,FALSE
Ireland,15.955025319715052,45,15,57,15:57,FALSE,TRUE,FALSE,FALSE
Canada,16.191939788299486,130,16,11,16:11,FALSE,TRUE,FALSE,FALSE
Finland,16.44150862987428,16,16,26,16:26,FALSE,FALSE,FALSE,FALSE
Kuwait,17.4,1,17,23,17:23,FALSE,FALSE,FALSE,FALSE
UK,17.494985451105048,595,17,29,17:29,FALSE,TRUE,FALSE,FALSE
USA,17.894095372525623,600,17,53,17:53,FALSE,TRUE,FALSE,FALSE
Sweden,18.219354838709673,20,18,13,18:13,FALSE,FALSE,FALSE,FALSE
Malta,18.744525547445257,1,18,44,18:44,FALSE,FALSE,FALSE,FALSE
Israel,18.83975215648159,14,18,50,18:50,FALSE,FALSE,FALSE,FALSE
Spain,18.947642615264385,30,18,56,18:56,FALSE,FALSE,FALSE,FALSE
Austria,19.03683885573163,13,19,2,19:02,FALSE,FALSE,FALSE,FALSE
Denmark,19.40368342458935,36,19,24,19:24,FALSE,FALSE,FALSE,FALSE
Croatia,20.885115606936413,9,20,53,20:53,FALSE,FALSE,FALSE,FALSE
France,21.24961800250035,31,21,14,21:14,FALSE,FALSE,FALSE,FALSE
Iceland,21.971830985915492,2,21,58,21:58,FALSE,FALSE,FALSE,FALSE
South Korea,23.81118881118881,4,23,48,23:48,FALSE,FALSE,FALSE,FALSE
Singapore,25.205045396380477,20,25,12,25:12,FALSE,FALSE,FALSE,FALSE
Slovakia,25.264632627646325,10,25,15,25:15,FALSE,FALSE,FALSE,FALSE
Estonia,27.418278852568378,2,27,25,27:25,FALSE,FALSE,FALSE,FALSE
Czechia,28.377763164550537,67,28,22,28:22,FALSE,TRUE,FALSE,FALSE
Poland,29.423647146034128,100,29,25,29:25,FALSE,TRUE,FALSE,FALSE
Japan,29.693877551020403,9,29,41,29:41,FALSE,FALSE,FALSE,FALSE
Portugal,29.95609950778236,13,29,57,29:57,FALSE,FALSE,FALSE,FALSE
Hungary,30.365174334639985,17,30,21,30:21,FALSE,FALSE,FALSE,FALSE
North Macedonia,30.642201834862387,1,30,38,30:38,FALSE,FALSE,FALSE,FALSE
Barbados,31.54471544715447,1,31,32,31:32,FALSE,FALSE,FALSE,FALSE
Cyprus,31.81082762912259,3,31,48,31:48,FALSE,FALSE,FALSE,FALSE
Ecuador,33.3,2,33,17,33:17,FALSE,FALSE,FALSE,FALSE
Latvia,34.09230769230769,6,34,5,34:05,FALSE,FALSE,FALSE,FALSE
Lithuania,34.64968152866243,3,34,38,34:38,FALSE,FALSE,FALSE,FALSE
Greece,35.54262110401803,23,35,32,35:32,FALSE,FALSE,FALSE,FALSE
South Africa,35.972477064220186,8,35,58,35:58,FALSE,FALSE,FALSE,FALSE
Moldova,36.62337662337662,1,36,37,36:37,FALSE,FALSE,FALSE,FALSE
Bulgaria,36.96000000000001,6,36,57,36:57,FALSE,FALSE,FALSE,FALSE
UAE,39.83333333333333,3,39,49,39:49,FALSE,FALSE,FALSE,FALSE
China,40.26251025430682,9,40,15,40:15,FALSE,FALSE,FALSE,FALSE
Romania,40.742255071552144,17,40,44,40:44,FALSE,FALSE,FALSE,FALSE
Serbia,41.81478016838166,7,41,48,41:48,FALSE,FALSE,FALSE,FALSE
Georgia,44.93392070484581,1,44,56,44:56,FALSE,FALSE,FALSE,FALSE
Ukraine,45.84766584766584,4,45,50,45:50,FALSE,FALSE,FALSE,FALSE
Thailand,48.214285714285715,1,48,12,48:12,FALSE,FALSE,FALSE,FALSE
Guatemala,48.75695732838589,2,48,45,48:45,FALSE,FALSE,FALSE,FALSE
Chile,48.87961859356377,10,48,52,48:52,FALSE,FALSE,FALSE,FALSE
Kazakstan,50.56603773584906,1,50,33,50:33,FALSE,FALSE,FALSE,FALSE
Armenia,51.96078431372548,1,51,57,51:57,FALSE,FALSE,FALSE,FALSE
Russia,52.22976501305483,14,52,13,52:13,FALSE,FALSE,FALSE,FALSE
Colombia,52.54378648874062,6,52,32,52:32,FALSE,FALSE,FALSE,FALSE
Taiwan,54.54545454545455,1,54,32,54:32,FALSE,FALSE,FALSE,FALSE
Brazil,56.84508816120906,14,56,50,56:50,FALSE,FALSE,FALSE,FALSE
Costa Rica,57.55310110450297,3,57,33,57:33,FALSE,FALSE,FALSE,FALSE
Lebanon,59.13669064748203,1,59,8,59:08,FALSE,FALSE,FALSE,FALSE
Argentina,60.27423347933728,22,60,16,60:16,FALSE,FALSE,FALSE,FALSE
Mauritius,62.53968253968254,1,62,32,62:32,FALSE,FALSE,FALSE,FALSE
Malaysia,67.1436198611853,18,67,8,67:08,FALSE,FALSE,FALSE,FALSE
Belarus,68.70229007633587,2,68,42,68:42,FALSE,FALSE,FALSE,FALSE
Maldives,70.83333333333333,1,70,49,70:49,FALSE,FALSE,FALSE,FALSE
Turkey,73.05179282868525,10,73,3,73:03,FALSE,FALSE,FALSE,FALSE
Iraq,73.49768875192605,3,73,29,73:29,FALSE,FALSE,FALSE,FALSE
Mexico,74.54233409610987,24,74,32,74:32,FALSE,FALSE,FALSE,FALSE
Indonesia,77.78371161548732,8,77,47,77:47,FALSE,FALSE,FALSE,FALSE
Jordan,77.87234042553193,1,77,52,77:52,FALSE,FALSE,FALSE,FALSE
Bolivia,79.33333333333333,2,79,19,79:19,FALSE,FALSE,FALSE,FALSE
Jamaica,84.1025641025641,1,84,6,84:06,FALSE,FALSE,FALSE,FALSE
Algeria,86.87499999999999,1,86,52,86:52,FALSE,FALSE,FALSE,FALSE
Saudi Arabia,91.29807692307692,1,91,17,91:17,FALSE,FALSE,FALSE,FALSE
Uruguay,93.96610169491524,1,93,57,93:57,FALSE,FALSE,FALSE,FALSE
El Salvador,96,1,95,59,95:59,FALSE,FALSE,FALSE,FALSE
Egypt,104.41558441558442,1,104,24,104:24,FALSE,FALSE,FALSE,FALSE
Philippines,110.5789990186457,11,110,34,110:34,FALSE,FALSE,FALSE,FALSE
Oman,118.87640449438204,3,118,52,118:52,FALSE,FALSE,FALSE,FALSE
Nicaragua,123.87096774193547,1,123,52,123:52,FALSE,FALSE,FALSE,FALSE
Sri Lanka,137.58620689655174,1,137,35,137:35,FALSE,FALSE,FALSE,FALSE
Vietnam,162.43176178660048,6,162,25,162:25,TRUE,FALSE,TRUE,FALSE
India,172.18085106382975,11,172,10,172:10,TRUE,FALSE,TRUE,FALSE
Djibouti,172.75862068965515,1,172,45,172:45,TRUE,FALSE,TRUE,FALSE
Qatar,186.99386503067487,1,186,59,186:59,TRUE,FALSE,TRUE,FALSE
Pakistan,277.03703703703707,2,277,2,277:02,TRUE,FALSE,TRUE,FALSE
